threshold,tp,fp,tn,fn,cost
0.0,65,1543,0,0,462900
5.228556752707144e-57,65,1542,1,0,462600
1.8430086478646393e-41,65,1541,2,0,462300
5.165141717208005e-32,65,1540,3,0,462000
1.0107552862500632e-23,65,1539,4,0,461700
1.604583631208869e-21,65,1538,5,0,461400
5.907682989868089e-17,65,1537,6,0,461100
8.042486252019435e-17,65,1536,7,0,460800
8.738999823740944e-14,65,1535,8,0,460500
5.710656354905462e-13,65,1534,9,0,460200
1.4022025287158727e-12,65,1533,10,0,459900
2.6456637513963564e-11,65,1532,11,0,459600
1.8914129747061115e-10,65,1531,12,0,459300
1.4423983001566552e-09,65,1530,13,0,459000
1.986191134523712e-08,65,1529,14,0,458700
2.273187949329891e-08,65,1528,15,0,458400
2.8210635317594067e-08,65,1527,16,0,458100
6.352453698341941e-07,65,1526,17,0,457800
7.368201159283324e-07,65,1525,18,0,457500
1.764702910191484e-06,65,1524,19,0,457200
1.8498326109368853e-05,65,1523,20,0,456900
2.008542515537256e-05,65,1522,21,0,456600
2.205620964210355e-05,65,1521,22,0,456300
3.269378273081765e-05,65,1520,23,0,456000
6.0584187367616974e-05,65,1519,24,0,455700
8.085986435436728e-05,65,1518,25,0,455400
0.00013706800183589462,65,1517,26,0,455100
0.00015613621099019496,65,1516,27,0,454800
0.00018345254845097075,65,1515,28,0,454500
0.0004195773472990788,65,1514,29,0,454200
0.0005544702978663616,65,1513,30,0,453900
0.0005713289121038614,65,1512,31,0,453600
0.000869234279063629,65,1511,32,0,453300
0.0008873294056011166,65,1510,33,0,453000
0.0009539314906715311,65,1509,34,0,452700
0.001192409848319183,65,1508,35,0,452400
0.0014002734150002569,65,1507,36,0,452100
0.0014917025322159002,65,1506,37,0,451800
0.0015146551395712137,65,1505,38,0,451500
0.0015876352136833958,65,1504,39,0,451200
0.0017544596645655778,65,1503,40,0,450900
0.0019581299301477005,65,1502,41,0,450600
0.002210058374174271,65,1501,42,0,450300
0.0023781996547244536,65,1500,43,0,450000
0.0029391271987320748,65,1499,44,0,449700
0.0030305249347047833,65,1498,45,0,449400
0.0030663251405180117,65,1497,46,0,449100
0.0033755198327650986,65,1496,47,0,448800
0.0034006640438833937,65,1495,48,0,448500
0.0034529844356783698,65,1494,49,0,448200
0.0038100864425115286,65,1493,50,0,447900
0.0038553567122300825,65,1492,51,0,447600
0.004038038154081208,65,1491,52,0,447300
0.004606651739392984,65,1490,53,0,447000
0.004607011916774786,65,1489,54,0,446700
0.0047713787155653125,65,1488,55,0,446400
0.004971960301544683,65,1487,56,0,446100
0.005084090501990038,65,1486,57,0,445800
0.005147593200870447,65,1485,58,0,445500
0.005150047156187104,65,1484,59,0,445200
0.005925851635195531,65,1483,60,0,444900
0.006573512133782701,65,1482,61,0,444600
0.006805246990784292,65,1481,62,0,444300
0.007423240324710054,65,1480,63,0,444000
0.007513930221841161,65,1479,64,0,443700
0.009019069361260078,65,1478,65,0,443400
0.009516912318536283,65,1477,66,0,443100
0.00994452610663445,65,1476,67,0,442800
0.010056785510257658,65,1475,68,0,442500
0.011093346112193094,65,1474,69,0,442200
0.011131772491580039,65,1473,70,0,441900
0.01155459190545195,65,1472,71,0,441600
0.011871979621135955,65,1471,72,0,441300
0.01294259187183338,65,1470,73,0,441000
0.013153009664256074,65,1469,74,0,440700
0.01335837463843972,65,1468,75,0,440400
0.013612481685220728,65,1467,76,0,440100
0.013832320132852804,65,1466,77,0,439800
0.013909460442168264,65,1465,78,0,439500
0.01446104957510462,65,1464,79,0,439200
0.014661477932789742,65,1463,80,0,438900
0.01515472028317342,65,1462,81,0,438600
0.016418594686159756,65,1461,82,0,438300
0.0166400310017948,65,1460,83,0,438000
0.016774360255365744,65,1459,84,0,437700
0.01726510861609488,65,1458,85,0,437400
0.01786238125616318,65,1457,86,0,437100
0.018136978933472356,65,1456,87,0,436800
0.018549631173706362,65,1455,88,0,436500
0.019371600369925936,65,1454,89,0,436200
0.020053208671367808,65,1453,90,0,435900
0.020243105280929315,65,1452,91,0,435600
0.020276092073171766,65,1451,92,0,435300
0.020467594276731352,65,1450,93,0,435000
0.021207556233566627,65,1449,94,0,434700
0.02128106389751565,65,1448,95,0,434400
0.021851907079654335,65,1447,96,0,434100
0.021915567219424684,65,1446,97,0,433800
0.022685998951707777,65,1445,98,0,433500
0.02291922495338376,65,1444,99,0,433200
0.024000420975118338,65,1443,100,0,432900
0.02402245620244637,65,1442,101,0,432600
0.025089322696528034,65,1441,102,0,432300
0.025849589783496944,65,1440,103,0,432000
0.025911672583662188,65,1439,104,0,431700
0.026847048292126707,65,1438,105,0,431400
0.02714944447574076,65,1437,106,0,431100
0.02882402285999537,65,1436,107,0,430800
0.028970602328803323,65,1435,108,0,430500
0.029212247073234852,65,1434,109,0,430200
0.029437575138355345,65,1433,110,0,429900
0.029674923393117482,65,1432,111,0,429600
0.029892860566979543,65,1431,112,0,429300
0.030267759414810393,65,1430,113,0,429000
0.03075352849262234,65,1429,114,0,428700
0.031203824919924093,65,1428,115,0,428400
0.031357646212644814,65,1427,116,0,428100
0.031523785716775374,65,1426,117,0,427800
0.031795455926376434,65,1425,118,0,427500
0.03389661252813447,65,1424,119,0,427200
0.03513749020643833,65,1423,120,0,426900
0.035629702947381534,65,1422,121,0,426600
0.03661511496326864,65,1421,122,0,426300
0.03794447820445573,65,1420,123,0,426000
0.03873834730553744,65,1419,124,0,425700
0.04016469870056965,65,1418,125,0,425400
0.04043940825419809,65,1417,126,0,425100
0.04072704345945464,65,1416,127,0,424800
0.042201367004190346,65,1415,128,0,424500
0.043083934987704825,65,1414,129,0,424200
0.04453252216822703,65,1413,130,0,423900
0.046242754143857416,65,1412,131,0,423600
0.04778194038630157,65,1411,132,0,423300
0.04807376339325072,65,1410,133,0,423000
0.04914394491504495,65,1409,134,0,422700
0.0495919006798419,65,1408,135,0,422400
0.049732798282573244,65,1407,136,0,422100
0.050561646582586266,65,1406,137,0,421800
0.05164606891456864,65,1405,138,0,421500
0.052409021807989425,65,1404,139,0,421200
0.053147608380120295,65,1403,140,0,420900
0.05317977414887351,65,1402,141,0,420600
0.05447229356628733,65,1401,142,0,420300
0.054649391907110906,65,1400,143,0,420000
0.05529622868457556,65,1399,144,0,419700
0.05603479896522101,65,1398,145,0,419400
0.05609102532482222,65,1397,146,0,419100
0.057340065695509514,65,1396,147,0,418800
0.057498075800922,65,1395,148,0,418500
0.058353959225368124,65,1394,149,0,418200
0.05901162592606048,65,1393,150,0,417900
0.059055916331556,65,1392,151,0,417600
0.05906419925830421,65,1391,152,0,417300
0.06025648657535425,65,1390,153,0,417000
0.06182129180393809,65,1389,154,0,416700
0.06208732473160593,65,1388,155,0,416400
0.062201902123543144,65,1387,156,0,416100
0.06274053968584212,65,1386,157,0,415800
0.06278980670115095,65,1385,158,0,415500
0.06364159855526033,65,1384,159,0,415200
0.06402718676158183,65,1383,160,0,414900
0.06424527634630166,65,1382,161,0,414600
0.06518618441749707,65,1381,162,0,414300
0.06561446085555252,65,1380,163,0,414000
0.06652737357935012,65,1379,164,0,413700
0.0666452617670656,65,1378,165,0,413400
0.06702336513868246,65,1377,166,0,413100
0.06739328588922726,65,1376,167,0,412800
0.06874065226158028,65,1375,168,0,412500
0.06890403918069696,65,1374,169,0,412200
0.06913972270397627,65,1373,170,0,411900
0.07049579079556692,65,1372,171,0,411600
0.07091829306752044,65,1371,172,0,411300
0.07125769183127527,65,1370,173,0,411000
0.071446312796007,65,1369,174,0,410700
0.0722255087454372,65,1368,175,0,410400
0.07256217380727024,65,1367,176,0,410100
0.07309166754265778,65,1366,177,0,409800
0.07351230721123803,65,1365,178,0,409500
0.07352791075026513,65,1364,179,0,409200
0.07423980834891036,65,1363,180,0,408900
0.07438814389303174,65,1362,181,0,408600
0.07476451506242457,65,1361,182,0,408300
0.07550786178063178,65,1360,183,0,408000
0.07578657699505585,65,1359,184,0,407700
0.07644091102211968,65,1358,185,0,407400
0.07715937119218992,65,1357,186,0,407100
0.0774974713777762,65,1356,187,0,406800
0.0776171957367384,65,1355,188,0,406500
0.0778134534940717,65,1354,189,0,406200
0.07892307629870643,65,1353,190,0,405900
0.0806086000948378,65,1352,191,0,405600
0.08103623351075821,65,1351,192,0,405300
0.08177218950203484,65,1350,193,0,405000
0.0820872678283248,65,1349,194,0,404700
0.08212363835470278,65,1348,195,0,404400
0.08217107967900958,65,1347,196,0,404100
0.08266644635631054,65,1346,197,0,403800
0.08314955092107736,65,1345,198,0,403500
0.08354323331299524,65,1344,199,0,403200
0.08449622369244937,65,1343,200,0,402900
0.08502046398923856,65,1342,201,0,402600
0.08603800777732956,65,1341,202,0,402300
0.08609768872476013,65,1340,203,0,402000
0.08632113879278652,65,1339,204,0,401700
0.08652619547009725,65,1338,205,0,401400
0.08703594166309245,65,1337,206,0,401100
0.08740625799926308,65,1336,207,0,400800
0.08763172012752218,65,1335,208,0,400500
0.08788861759980776,65,1334,209,0,400200
0.08816583155483343,65,1333,210,0,399900
0.08903107967922409,65,1332,211,0,399600
0.08905073054370781,65,1331,212,0,399300
0.08938764960513643,65,1330,213,0,399000
0.08951377464085594,65,1329,214,0,398700
0.09051611627290378,65,1328,215,0,398400
0.09153889629752075,65,1327,216,0,398100
0.09221153558933283,65,1326,217,0,397800
0.0922221447215791,65,1325,218,0,397500
0.09229844829878543,65,1324,219,0,397200
0.09279887113636305,65,1323,220,0,396900
0.093436301041069,65,1322,221,0,396600
0.09347124116126448,65,1321,222,0,396300
0.09407538954402155,65,1320,223,0,396000
0.09422417380459724,65,1319,224,0,395700
0.09514889867478227,65,1318,225,0,395400
0.09526403541532834,65,1317,226,0,395100
0.09605326689758535,65,1316,227,0,394800
0.09654691920968875,65,1315,228,0,394500
0.0965811763177838,65,1314,229,0,394200
0.09668063390720225,65,1313,230,0,393900
0.09687265543413577,65,1312,231,0,393600
0.09764641188148526,65,1311,232,0,393300
0.09770163759887118,65,1310,233,0,393000
0.09883519158483713,65,1309,234,0,392700
0.09936402735853832,65,1308,235,0,392400
0.10052878574086559,65,1307,236,0,392100
0.10074368957701219,65,1306,237,0,391800
0.10120012831993552,65,1305,238,0,391500
0.10132397702587373,65,1304,239,0,391200
0.10141112069063647,65,1303,240,0,390900
0.10177241264171699,65,1302,241,0,390600
0.10185873269089481,65,1301,242,0,390300
0.10272996225019669,65,1300,243,0,390000
0.10406783863644771,65,1299,244,0,389700
0.10538346871798153,65,1298,245,0,389400
0.10546402489904723,65,1297,246,0,389100
0.10560644033747991,65,1296,247,0,388800
0.10612605060317308,65,1295,248,0,388500
0.10646468807909128,65,1294,249,0,388200
0.10673926066521507,65,1293,250,0,387900
0.10852114867227394,65,1292,251,0,387600
0.10857528275767434,65,1291,252,0,387300
0.10859672224488849,65,1290,253,0,387000
0.10895260681181902,65,1289,254,0,386700
0.10956151166882315,65,1288,255,0,386400
0.10958979377096655,65,1287,256,0,386100
0.1097428641644627,65,1286,257,0,385800
0.11030844088626221,65,1285,258,0,385500
0.11049108895666207,65,1284,259,0,385200
0.11059979664413935,65,1283,260,0,384900
0.11061676297096325,65,1282,261,0,384600
0.11102031030094547,65,1281,262,0,384300
0.11121711678931077,65,1280,263,0,384000
0.11132918374385822,65,1279,264,0,383700
0.11179396229879536,65,1278,265,0,383400
0.11199907583531447,65,1277,266,0,383100
0.11241181793238736,65,1276,267,0,382800
0.11287497398490302,65,1275,268,0,382500
0.1132871860667125,65,1274,269,0,382200
0.11329574884431881,65,1273,270,0,381900
0.11331105367917531,65,1272,271,0,381600
0.11370533946348245,65,1271,272,0,381300
0.11382177887296856,65,1270,273,0,381000
0.11456793027403854,65,1269,274,0,380700
0.1145819766490178,65,1268,275,0,380400
0.1148117423397852,65,1267,276,0,380100
0.11537411865450856,65,1266,277,0,379800
0.11570354363934206,65,1265,278,0,379500
0.11612105063363123,65,1264,279,0,379200
0.11622475260746938,65,1263,280,0,378900
0.116399429793868,65,1262,281,0,378600
0.11670955239782012,65,1261,282,0,378300
0.11759100217033036,65,1260,283,0,378000
0.11774121846627522,65,1259,284,0,377700
0.11834940412604511,65,1258,285,0,377400
0.11861814003405452,65,1257,286,0,377100
0.11863940815405682,65,1256,287,0,376800
0.11918283190713888,65,1255,288,0,376500
0.11920930533303613,65,1254,289,0,376200
0.11931100523417419,65,1253,290,0,375900
0.11937734510380557,65,1252,291,0,375600
0.11949502242584771,65,1251,292,0,375300
0.12043844351155052,65,1250,293,0,375000
0.1204513540484348,65,1249,294,0,374700
0.12081612265992696,65,1248,295,0,374400
0.12088660231689327,65,1247,296,0,374100
0.12141472873756025,65,1246,297,0,373800
0.12148021600039163,65,1245,298,0,373500
0.12155075942550747,65,1244,299,0,373200
0.12172737966532325,65,1243,300,0,372900
0.12204511429039724,65,1242,301,0,372600
0.1230480702197924,65,1241,302,0,372300
0.12337892387935541,65,1240,303,0,372000
0.12462002167804428,65,1239,304,0,371700
0.12463760576196048,65,1238,305,0,371400
0.12484346866886481,65,1237,306,0,371100
0.12498905701384709,65,1236,307,0,370800
0.12518503324417235,65,1235,308,0,370500
0.12583194074161044,65,1234,309,0,370200
0.12585765996797418,65,1233,310,0,369900
0.12647610235468446,65,1232,311,0,369600
0.12649140209548584,65,1231,312,0,369300
0.12659180676520604,65,1230,313,0,369000
0.12662787409303372,65,1229,314,0,368700
0.12678151279564925,65,1228,315,0,368400
0.1268393593900149,65,1227,316,0,368100
0.12711769508649712,65,1226,317,0,367800
0.12729917970257482,65,1225,318,0,367500
0.1273523592063723,65,1224,319,0,367200
0.12739653138285995,64,1224,319,1,372700
0.12741112118149867,64,1223,320,1,372400
0.12747310014775293,64,1222,321,1,372100
0.12773752611384315,64,1221,322,1,371800
0.1277893254204718,64,1220,323,1,371500
0.12786278682113716,64,1219,324,1,371200
0.1281662258725616,64,1218,325,1,370900
0.12828825071954905,64,1217,326,1,370600
0.12836706841340892,64,1216,327,1,370300
0.12849487825325503,64,1215,328,1,370000
0.12856169704933373,64,1214,329,1,369700
0.12871610386645763,64,1213,330,1,369400
0.12902410370443446,64,1212,331,1,369100
0.12908328809944009,64,1211,332,1,368800
0.1292034694657322,64,1210,333,1,368500
0.1296506396545807,64,1209,334,1,368200
0.12981718661574063,64,1208,335,1,367900
0.12990345610286577,64,1207,336,1,367600
0.129916062193726,64,1206,337,1,367300
0.13023004568537908,64,1205,338,1,367000
0.13047859107971135,64,1204,339,1,366700
0.130634395827339,64,1203,340,1,366400
0.130636088748029,64,1202,341,1,366100
0.1308830778398754,64,1201,342,1,365800
0.13189251184570894,64,1200,343,1,365500
0.13240201565657533,64,1199,344,1,365200
0.13280753296540282,64,1198,345,1,364900
0.13415397446748076,64,1197,346,1,364600
0.13424225433816658,64,1196,347,1,364300
0.13424564757938573,64,1195,348,1,364000
0.13493244657526116,64,1194,349,1,363700
0.13512789470261402,64,1193,350,1,363400
0.1353658967915046,64,1192,351,1,363100
0.13606572217687696,64,1191,352,1,362800
0.1361816937086465,64,1190,353,1,362500
0.13647704017373816,64,1189,354,1,362200
0.1367367637742022,64,1188,355,1,361900
0.1368347937691177,64,1187,356,1,361600
0.13701318285652114,64,1186,357,1,361300
0.13708949220737918,64,1185,358,1,361000
0.1371077934604425,64,1184,359,1,360700
0.13737772898805006,64,1183,360,1,360400
0.13746470110554485,64,1182,361,1,360100
0.13792782825206035,64,1181,362,1,359800
0.13803422902781456,64,1180,363,1,359500
0.13815430049577135,64,1179,364,1,359200
0.1383597582001499,64,1178,365,1,358900
0.1383642797839872,64,1177,366,1,358600
0.1384167791538913,64,1176,367,1,358300
0.13844700321186407,64,1175,368,1,358000
0.1386560112193927,64,1174,369,1,357700
0.13875788027586852,64,1173,370,1,357400
0.138872461614274,64,1172,371,1,357100
0.13893090191030522,64,1171,372,1,356800
0.1389624026463581,64,1170,373,1,356500
0.13908606990619193,64,1169,374,1,356200
0.13944458840395857,64,1168,375,1,355900
0.1396133806643196,64,1167,376,1,355600
0.13974066178666725,64,1166,377,1,355300
0.14080949062987136,64,1165,378,1,355000
0.14087637500593525,64,1164,379,1,354700
0.14089576784586388,64,1163,380,1,354400
0.14095992956011805,64,1162,381,1,354100
0.1410389481291863,64,1161,382,1,353800
0.14112613021648135,64,1160,383,1,353500
0.14128648234363478,64,1159,384,1,353200
0.14159824719215952,64,1158,385,1,352900
0.14164455155185832,64,1157,386,1,352600
0.14166011898627992,64,1156,387,1,352300
0.14172661688613852,64,1155,388,1,352000
0.14176434015580755,64,1154,389,1,351700
0.1418533868299898,64,1153,390,1,351400
0.1420532322088098,64,1152,391,1,351100
0.142291123262398,64,1151,392,1,350800
0.14233621927815832,64,1150,393,1,350500
0.14252379378182006,64,1149,394,1,350200
0.14314654860078796,64,1148,395,1,349900
0.14324834138717063,64,1147,396,1,349600
0.1438304400797496,64,1146,397,1,349300
0.1440243204126299,64,1145,398,1,349000
0.1440796184737371,64,1144,399,1,348700
0.14407983628617613,64,1143,400,1,348400
0.14424624904003736,64,1142,401,1,348100
0.14439792234805407,64,1141,402,1,347800
0.144399481844979,64,1140,403,1,347500
0.14478746388738756,64,1139,404,1,347200
0.14483441294706,64,1138,405,1,346900
0.14491688678974918,64,1137,406,1,346600
0.14520902780623374,64,1136,407,1,346300
0.1453417712786355,64,1135,408,1,346000
0.14557330050649347,64,1134,409,1,345700
0.14576420260573061,64,1133,410,1,345400
0.1459621139357924,64,1132,411,1,345100
0.14642768192812577,64,1131,412,1,344800
0.14656792591865025,64,1130,413,1,344500
0.1466859380881453,64,1129,414,1,344200
0.14685224941495165,64,1128,415,1,343900
0.14710992504597498,64,1127,416,1,343600
0.14722318059644393,64,1126,417,1,343300
0.14752952363562935,63,1126,417,2,348800
0.14755098100681732,63,1125,418,2,348500
0.14772978453237792,63,1124,419,2,348200
0.14778190832223256,63,1123,420,2,347900
0.14812895799075407,63,1122,421,2,347600
0.14842752401933174,63,1121,422,2,347300
0.14845176809474803,63,1120,423,2,347000
0.1485808649029044,63,1119,424,2,346700
0.14872345733036496,63,1118,425,2,346400
0.14876464251646018,63,1117,426,2,346100
0.14878624774047908,63,1116,427,2,345800
0.14914934954165743,63,1115,428,2,345500
0.14953053963872914,63,1114,429,2,345200
0.1497490083484179,63,1113,430,2,344900
0.1498845679081134,63,1112,431,2,344600
0.14990083179907518,63,1111,432,2,344300
0.1501008913049922,63,1110,433,2,344000
0.15019692635880585,63,1109,434,2,343700
0.1503806171798833,63,1108,435,2,343400
0.15053180440646396,63,1107,436,2,343100
0.1508967031390567,63,1106,437,2,342800
0.1517812650231816,63,1105,438,2,342500
0.15186919433352944,63,1104,439,2,342200
0.1521790371614911,63,1103,440,2,341900
0.15235529627264657,63,1102,441,2,341600
0.15258979183304522,63,1101,442,2,341300
0.1529453514830012,63,1100,443,2,341000
0.1529857077670369,63,1099,444,2,340700
0.15312446956935416,63,1098,445,2,340400
0.15334359365592942,63,1097,446,2,340100
0.15388347804518046,63,1096,447,2,339800
0.1538986458687221,63,1095,448,2,339500
0.15391251640372997,63,1094,449,2,339200
0.15402872576588572,63,1093,450,2,338900
0.15405407287735437,63,1092,451,2,338600
0.1542409614804112,63,1091,452,2,338300
0.15467622351682705,63,1090,453,2,338000
0.15481154380003803,63,1089,454,2,337700
0.1553591161730182,63,1088,455,2,337400
0.15578846161673812,63,1087,456,2,337100
0.15605675573249728,63,1086,457,2,336800
0.15645596776017076,63,1085,458,2,336500
0.15656893697105445,63,1084,459,2,336200
0.15670541530767534,63,1083,460,2,335900
0.15682184937346752,63,1082,461,2,335600
0.15682942976055478,63,1081,462,2,335300
0.15690161540035155,63,1080,463,2,335000
0.1575433166873355,63,1079,464,2,334700
0.1577329563292181,63,1078,465,2,334400
0.1588287975550322,63,1077,466,2,334100
0.1588312804786641,63,1076,467,2,333800
0.1588557273114992,63,1075,468,2,333500
0.1594247069619916,63,1074,469,2,333200
0.15971200469781677,63,1073,470,2,332900
0.15972395125384314,63,1072,471,2,332600
0.15988989689578903,63,1071,472,2,332300
0.16010871878456726,63,1070,473,2,332000
0.16019024007889598,63,1069,474,2,331700
0.1603226238815748,63,1068,475,2,331400
0.16037574812530175,63,1067,476,2,331100
0.16051670634631,63,1066,477,2,330800
0.16122824854304185,63,1065,478,2,330500
0.1613888260155522,63,1064,479,2,330200
0.16147624034764174,63,1063,480,2,329900
0.16157002215040736,63,1062,481,2,329600
0.1617883765002619,63,1061,482,2,329300
0.16181907288540048,63,1060,483,2,329000
0.16182387045535154,63,1059,484,2,328700
0.1619056378088924,63,1058,485,2,328400
0.16197104153027936,63,1057,486,2,328100
0.16198375328740303,63,1056,487,2,327800
0.16253414703397193,63,1055,488,2,327500
0.1626967396301248,63,1054,489,2,327200
0.1630305785362943,63,1053,490,2,326900
0.16365726247016843,63,1052,491,2,326600
0.16442236392358542,63,1051,492,2,326300
0.1649222341446359,63,1050,493,2,326000
0.16518024298099246,63,1049,494,2,325700
0.16617647127428414,63,1048,495,2,325400
0.16629644668413412,63,1047,496,2,325100
0.16652344524902285,63,1046,497,2,324800
0.1667033355685652,63,1045,498,2,324500
0.1667371744162782,63,1044,499,2,324200
0.16677386634663868,63,1043,500,2,323900
0.16678188049705775,63,1042,501,2,323600
0.16688105744595116,63,1041,502,2,323300
0.16745486779746666,63,1040,503,2,323000
0.16779600571790057,63,1039,504,2,322700
0.16915085555672713,63,1038,505,2,322400
0.16959578247598886,63,1037,506,2,322100
0.1698224562428855,63,1036,507,2,321800
0.1698255181316671,63,1035,508,2,321500
0.1699326714767433,63,1034,509,2,321200
0.16993737084993002,63,1033,510,2,320900
0.16997634388379607,63,1032,511,2,320600
0.17040549531408297,63,1031,512,2,320300
0.1708987154600239,63,1030,513,2,320000
0.1710412357494621,63,1029,514,2,319700
0.17105329451328372,63,1028,515,2,319400
0.171182351310683,63,1027,516,2,319100
0.17122950352666483,63,1026,517,2,318800
0.171543915072948,63,1025,518,2,318500
0.1717851348543078,63,1024,519,2,318200
0.1720358469125964,63,1023,520,2,317900
0.1723910953040638,63,1022,521,2,317600
0.17271170434396632,63,1021,522,2,317300
0.17282117936415356,63,1020,523,2,317000
0.17284933615316553,63,1019,524,2,316700
0.17300243347195565,63,1018,525,2,316400
0.1730460049082818,63,1017,526,2,316100
0.1730972913131466,63,1016,527,2,315800
0.17322112487354044,63,1015,528,2,315500
0.1732564058000286,63,1014,529,2,315200
0.1736841185295745,63,1013,530,2,314900
0.1736943954573531,63,1012,531,2,314600
0.17429202095860274,63,1011,532,2,314300
0.17474867700100366,63,1010,533,2,314000
0.17481931793810893,63,1009,534,2,313700
0.17539266735444847,63,1008,535,2,313400
0.1754492509832544,63,1007,536,2,313100
0.1756406905883916,63,1006,537,2,312800
0.17586754401004695,63,1005,538,2,312500
0.17607769582737828,63,1004,539,2,312200
0.1762483528751745,63,1003,540,2,311900
0.17663336556342804,62,1003,540,3,317400
0.17666184350931452,62,1002,541,3,317100
0.17684513184647208,62,1001,542,3,316800
0.17690226124468403,62,1000,543,3,316500
0.1773298527950001,62,999,544,3,316200
0.17756430502577966,62,998,545,3,315900
0.17759809862119827,62,997,546,3,315600
0.17760173336962073,62,996,547,3,315300
0.17767688399863668,62,995,548,3,315000
0.17772725057820454,62,994,549,3,314700
0.17775475855829537,61,994,549,4,320200
0.1779581896622158,61,993,550,4,319900
0.17806572529805764,61,992,551,4,319600
0.1782917975382016,61,991,552,4,319300
0.1785322570843772,61,990,553,4,319000
0.1786740171517203,61,989,554,4,318700
0.17901020009866525,61,988,555,4,318400
0.17940401287620955,61,987,556,4,318100
0.17949868078016473,61,986,557,4,317800
0.17999941875435987,61,985,558,4,317500
0.18089528167595492,61,984,559,4,317200
0.18102806163791227,61,983,560,4,316900
0.1811300012423665,61,982,561,4,316600
0.18173988104484748,61,981,562,4,316300
0.18187220506595517,61,980,563,4,316000
0.18205291876338772,61,979,564,4,315700
0.18242277541520968,61,978,565,4,315400
0.18278229049479242,61,977,566,4,315100
0.18279996656050712,61,976,567,4,314800
0.18311006155346934,61,975,568,4,314500
0.18313247826731546,61,974,569,4,314200
0.18361875762265836,61,973,570,4,313900
0.18477475198960838,61,972,571,4,313600
0.18501775651930494,61,971,572,4,313300
0.18504253918044986,61,970,573,4,313000
0.18508175181503894,61,969,574,4,312700
0.1852795939698435,61,968,575,4,312400
0.18528451505090696,61,967,576,4,312100
0.18570729715067893,61,966,577,4,311800
0.18601556063545985,61,965,578,4,311500
0.18611838071326192,61,964,579,4,311200
0.186308127452275,61,963,580,4,310900
0.1867564692817455,61,962,581,4,310600
0.1870418025688292,61,961,582,4,310300
0.18714415837797235,61,960,583,4,310000
0.18740478478041356,60,960,583,5,315500
0.18790035867634103,60,959,584,5,315200
0.1879834531486343,60,958,585,5,314900
0.18875387927685774,60,957,586,5,314600
0.18889758674395044,60,956,587,5,314300
0.18893226239825794,60,955,588,5,314000
0.1889457523533001,60,954,589,5,313700
0.18945342027781295,60,953,590,5,313400
0.18949023474546156,60,952,591,5,313100
0.18951786584635746,60,951,592,5,312800
0.18962764905779253,60,950,593,5,312500
0.18990421370378638,60,949,594,5,312200
0.1901104271492045,60,948,595,5,311900
0.19031107340060088,60,947,596,5,311600
0.19151583092697763,60,946,597,5,311300
0.19190049958494032,60,945,598,5,311000
0.19222209347164007,60,944,599,5,310700
0.19268911243475328,60,943,600,5,310400
0.1928092133140488,60,942,601,5,310100
0.19287522663457143,60,941,602,5,309800
0.19328809134671537,60,940,603,5,309500
0.19356949110996466,60,939,604,5,309200
0.19370605926746706,60,938,605,5,308900
0.19373774788835232,60,937,606,5,308600
0.19383904913069186,60,936,607,5,308300
0.19444175588278398,60,935,608,5,308000
0.19446338584709033,60,934,609,5,307700
0.1945116332815176,60,933,610,5,307400
0.19524898494189033,60,932,611,5,307100
0.1952654878000512,60,931,612,5,306800
0.19556719655445662,60,930,613,5,306500
0.1958005297990833,60,929,614,5,306200
0.19594610159227463,60,928,615,5,305900
0.19606945686442487,60,927,616,5,305600
0.19608184655387526,60,926,617,5,305300
0.19627322935807542,60,925,618,5,305000
0.19664020642364688,60,924,619,5,304700
0.1967441417061796,60,923,620,5,304400
0.19696266926162473,60,922,621,5,304100
0.19703665419377003,60,921,622,5,303800
0.19721325167178358,60,920,623,5,303500
0.1983397918717413,60,919,624,5,303200
0.19851872923707906,60,918,625,5,302900
0.1988522956367226,60,917,626,5,302600
0.19888229859956055,60,916,627,5,302300
0.199270313056712,60,915,628,5,302000
0.1992901979532336,60,914,629,5,301700
0.19948099012870404,60,913,630,5,301400
0.19956816725270005,60,912,631,5,301100
0.1996888587792512,60,911,632,5,300800
0.19976782034264357,60,910,633,5,300500
0.2002046706822595,60,909,634,5,300200
0.20029093329956218,60,908,635,5,299900
0.20098356890950328,60,907,636,5,299600
0.200996948329164,60,906,637,5,299300
0.20101767130418044,60,905,638,5,299000
0.20105278241906885,60,904,639,5,298700
0.20120624276372925,60,903,640,5,298400
0.20175694218667597,60,902,641,5,298100
0.20269351003020591,60,901,642,5,297800
0.20278823060457807,60,900,643,5,297500
0.2028259116485284,60,899,644,5,297200
0.20296949298059816,60,898,645,5,296900
0.20397624283786997,60,897,646,5,296600
0.2041771299200772,60,896,647,5,296300
0.20418649610282805,60,895,648,5,296000
0.2046857387045122,60,894,649,5,295700
0.20547900626432314,60,893,650,5,295400
0.20575597750143948,60,892,651,5,295100
0.2057954704717537,60,891,652,5,294800
0.2058004563102537,60,890,653,5,294500
0.20717965138567954,60,889,654,5,294200
0.20771454466222744,60,888,655,5,293900
0.20801205318844715,60,887,656,5,293600
0.20801239150004208,60,886,657,5,293300
0.20802163574694205,60,885,658,5,293000
0.2080758599500462,60,884,659,5,292700
0.20819862341180376,60,883,660,5,292400
0.20853158351158577,60,882,661,5,292100
0.20863456389256624,60,881,662,5,291800
0.20898408482697886,60,880,663,5,291500
0.2090821424835136,60,879,664,5,291200
0.20930273994183507,60,878,665,5,290900
0.20941045194727761,60,877,666,5,290600
0.20951685975642909,60,876,667,5,290300
0.2100025141145943,60,875,668,5,290000
0.21039508986169822,60,874,669,5,289700
0.21040565696255847,60,873,670,5,289400
0.21078988656822314,60,872,671,5,289100
0.2108813280390011,60,871,672,5,288800
0.21133170497920203,60,870,673,5,288500
0.2114432787984995,60,869,674,5,288200
0.21164255552179825,60,868,675,5,287900
0.21169602337394616,60,867,676,5,287600
0.21188158225153217,60,866,677,5,287300
0.21271490415334396,60,865,678,5,287000
0.21305788754350466,60,864,679,5,286700
0.21307697232792944,60,863,680,5,286400
0.21349506229153287,60,862,681,5,286100
0.21351859471632192,60,861,682,5,285800
0.2135943276671678,60,860,683,5,285500
0.21414970938925929,60,859,684,5,285200
0.21439487264905596,60,858,685,5,284900
0.21487818191080074,60,857,686,5,284600
0.21494503279375876,60,856,687,5,284300
0.21496339874770193,60,855,688,5,284000
0.21586902467892524,60,854,689,5,283700
0.21601966257636893,60,853,690,5,283400
0.2160952959171618,60,852,691,5,283100
0.21621558481533143,60,851,692,5,282800
0.216269021412467,60,850,693,5,282500
0.21631669302259585,60,849,694,5,282200
0.21734889145519337,60,848,695,5,281900
0.21752353884229722,60,847,696,5,281600
0.21757037559231074,60,846,697,5,281300
0.2178579659427621,60,845,698,5,281000
0.2193830216170303,60,844,699,5,280700
0.21966538709314268,60,843,700,5,280400
0.21997563828402555,60,842,701,5,280100
0.22017703629848015,60,841,702,5,279800
0.22067633070549045,60,840,703,5,279500
0.22107145477091808,60,839,704,5,279200
0.22135390345070602,60,838,705,5,278900
0.2213674917843207,60,837,706,5,278600
0.22163218394593864,60,836,707,5,278300
0.22180308800936754,60,835,708,5,278000
0.22187626518996614,60,834,709,5,277700
0.2222668102307309,60,833,710,5,277400
0.22273196567671777,60,832,711,5,277100
0.22296368320202678,60,831,712,5,276800
0.22337363875327645,60,830,713,5,276500
0.2235978906362985,60,829,714,5,276200
0.22427088180082966,60,828,715,5,275900
0.2249697517378854,60,827,716,5,275600
0.22499290880736264,60,826,717,5,275300
0.22539758488646497,60,825,718,5,275000
0.22571805142277518,60,824,719,5,274700
0.22620598687453614,60,823,720,5,274400
0.22640954134717603,60,822,721,5,274100
0.22694900746697894,60,821,722,5,273800
0.22699019759520622,60,820,723,5,273500
0.22708486939118813,60,819,724,5,273200
0.2279487137894394,60,818,725,5,272900
0.2280056663975078,60,817,726,5,272600
0.22814363655433392,60,816,727,5,272300
0.22888415214870172,60,815,728,5,272000
0.2292148379838731,60,814,729,5,271700
0.22950748166489648,60,813,730,5,271400
0.22952898477475903,60,812,731,5,271100
0.22976864993239146,60,811,732,5,270800
0.2302381716273734,60,810,733,5,270500
0.2303254673946393,60,809,734,5,270200
0.23032558918647966,60,808,735,5,269900
0.2303853522633858,60,807,736,5,269600
0.23063008013832534,60,806,737,5,269300
0.230713011944651,60,805,738,5,269000
0.23076625599114706,60,804,739,5,268700
0.23078259895085387,60,803,740,5,268400
0.23085255561914786,60,802,741,5,268100
0.2316553842423123,60,801,742,5,267800
0.23165679447299517,60,800,743,5,267500
0.2319569577618125,60,799,744,5,267200
0.23227012956744736,60,798,745,5,266900
0.2324686765036457,60,797,746,5,266600
0.232636501556783,60,796,747,5,266300
0.2328309656920742,60,795,748,5,266000
0.23295914622761923,60,794,749,5,265700
0.23316291738165776,60,793,750,5,265400
0.23326268415044166,60,792,751,5,265100
0.23356281146248,60,791,752,5,264800
0.23388477188681445,60,790,753,5,264500
0.23414046095369753,60,789,754,5,264200
0.23422713308273363,60,788,755,5,263900
0.2347291899923926,60,787,756,5,263600
0.23478143653501007,60,786,757,5,263300
0.23499207901107488,60,785,758,5,263000
0.23519457793478682,60,784,759,5,262700
0.235279428373896,60,783,760,5,262400
0.23573479508793146,60,782,761,5,262100
0.23597539327818876,60,781,762,5,261800
0.23624440520367196,60,780,763,5,261500
0.2368664987183923,60,779,764,5,261200
0.23688114698702234,60,778,765,5,260900
0.23689726202638547,60,777,766,5,260600
0.23692043636271193,60,776,767,5,260300
0.23737974362971767,60,775,768,5,260000
0.23742152753923648,60,774,769,5,259700
0.23775593709225845,60,773,770,5,259400
0.2381800993838149,60,772,771,5,259100
0.23846986120609315,60,771,772,5,258800
0.23889008687729918,60,770,773,5,258500
0.23899855456788444,60,769,774,5,258200
0.23911587950771532,60,768,775,5,257900
0.23924856216106252,60,767,776,5,257600
0.24008166170370823,60,766,777,5,257300
0.24056480311050943,60,765,778,5,257000
0.24057469015941554,60,764,779,5,256700
0.24125425050924665,60,763,780,5,256400
0.2414373591502414,60,762,781,5,256100
0.24187797050969062,60,761,782,5,255800
0.24239497310388136,60,760,783,5,255500
0.24281510264042994,60,759,784,5,255200
0.24319360135385318,60,758,785,5,254900
0.24337171128223561,60,757,786,5,254600
0.24354159582380186,60,756,787,5,254300
0.24439467878179794,60,755,788,5,254000
0.24449594559916935,60,754,789,5,253700
0.24479449612148946,60,753,790,5,253400
0.2449231325077089,60,752,791,5,253100
0.24552506634334983,60,751,792,5,252800
0.2455642852383503,60,750,793,5,252500
0.2460717249393287,60,749,794,5,252200
0.2462339304180305,60,748,795,5,251900
0.24671975838265925,60,747,796,5,251600
0.24675472797798184,60,746,797,5,251300
0.24684807508617262,60,745,798,5,251000
0.24697326025594354,60,744,799,5,250700
0.24749539570839416,60,743,800,5,250400
0.2475378117986258,60,742,801,5,250100
0.24813281722482106,60,741,802,5,249800
0.24821939243638352,60,740,803,5,249500
0.24832964532141033,60,739,804,5,249200
0.2485634105781312,60,738,805,5,248900
0.24912203042071024,60,737,806,5,248600
0.24928131725411226,60,736,807,5,248300
0.24935332750125141,60,735,808,5,248000
0.24941714196871773,60,734,809,5,247700
0.24948255678702458,60,733,810,5,247400
0.25005339312016617,60,732,811,5,247100
0.25062341526093457,60,731,812,5,246800
0.2508205709764269,60,730,813,5,246500
0.25127433449584463,60,729,814,5,246200
0.25159918813058507,60,728,815,5,245900
0.25248140069437713,60,727,816,5,245600
0.2539234668609675,60,726,817,5,245300
0.2541153765614107,60,725,818,5,245000
0.25434200919832844,60,724,819,5,244700
0.2545262057436837,60,723,820,5,244400
0.25465600087212703,60,722,821,5,244100
0.2552909520701855,60,721,822,5,243800
0.2553135445993692,60,720,823,5,243500
0.25649111779409717,60,719,824,5,243200
0.2570845922624269,60,718,825,5,242900
0.25731958666246085,60,717,826,5,242600
0.2576521482709189,60,716,827,5,242300
0.25790427222516066,60,715,828,5,242000
0.2579836657474426,60,714,829,5,241700
0.25828099315211756,60,713,830,5,241400
0.2583200869823049,60,712,831,5,241100
0.2587371362378705,60,711,832,5,240800
0.2587906508115541,60,710,833,5,240500
0.2590360456383842,60,709,834,5,240200
0.2597062994012763,60,708,835,5,239900
0.2597112779002122,60,707,836,5,239600
0.259726693660789,60,706,837,5,239300
0.25976095439645336,60,705,838,5,239000
0.2598539380887521,60,704,839,5,238700
0.26000323458756797,60,703,840,5,238400
0.2602548373979274,60,702,841,5,238100
0.2602888426588486,60,701,842,5,237800
0.2604023994239888,60,700,843,5,237500
0.2604780592269828,60,699,844,5,237200
0.2606804087610872,59,699,844,6,242700
0.26106779517767675,59,698,845,6,242400
0.26153059463375716,59,697,846,6,242100
0.262551801196107,59,696,847,6,241800
0.26261545963335814,59,695,848,6,241500
0.2629878185585065,59,694,849,6,241200
0.26383185062434306,59,693,850,6,240900
0.2639263140477499,59,692,851,6,240600
0.2639948520975573,59,691,852,6,240300
0.2646376404976421,59,690,853,6,240000
0.2648598389376777,59,689,854,6,239700
0.26501417702403846,59,688,855,6,239400
0.26578824164044157,59,687,856,6,239100
0.2663965143212878,59,686,857,6,238800
0.26699876229260033,59,685,858,6,238500
0.2670656137847864,59,684,859,6,238200
0.2671786011664643,59,683,860,6,237900
0.26720675369919983,59,682,861,6,237600
0.2673622406795437,59,681,862,6,237300
0.26746462057737136,59,680,863,6,237000
0.26756054083620706,59,679,864,6,236700
0.2675795346713462,59,678,865,6,236400
0.26793364686011223,59,677,866,6,236100
0.2679761961469835,59,676,867,6,235800
0.2681073255428579,58,676,867,7,241300
0.26821567459051343,58,675,868,7,241000
0.26889890780068415,58,674,869,7,240700
0.2690787593422469,58,673,870,7,240400
0.2696815825084234,58,672,871,7,240100
0.26993330993155845,58,671,872,7,239800
0.2703351098795375,58,670,873,7,239500
0.27034586654922355,58,669,874,7,239200
0.2703740609446557,58,668,875,7,238900
0.2707286104447114,58,667,876,7,238600
0.2710467038308558,58,666,877,7,238300
0.27132404178025404,58,665,878,7,238000
0.2714328592844198,58,664,879,7,237700
0.27158744146988356,58,663,880,7,237400
0.271700442450609,58,662,881,7,237100
0.2719886971668995,58,661,882,7,236800
0.27223057326809996,58,660,883,7,236500
0.2722802168116639,58,659,884,7,236200
0.27243698878626255,58,658,885,7,235900
0.2728469566628367,58,657,886,7,235600
0.2731624478343498,58,656,887,7,235300
0.27319320601591157,58,655,888,7,235000
0.27387298815677275,58,654,889,7,234700
0.27415331696980755,58,653,890,7,234400
0.2741600288261071,58,652,891,7,234100
0.27457775444205834,58,651,892,7,233800
0.2745881125086485,58,650,893,7,233500
0.2745919894742785,58,649,894,7,233200
0.2748146163884852,58,648,895,7,232900
0.2754601947544181,58,647,896,7,232600
0.2754698393904085,58,646,897,7,232300
0.276620416101184,58,645,898,7,232000
0.277090758427791,58,644,899,7,231700
0.277149845426362,58,643,900,7,231400
0.2772993195674791,58,642,901,7,231100
0.2774165889403906,58,641,902,7,230800
0.2776940493407144,58,640,903,7,230500
0.27806733927980787,58,639,904,7,230200
0.2782290689124131,58,638,905,7,229900
0.2783155973711851,58,637,906,7,229600
0.27927903200285514,58,636,907,7,229300
0.27973735266254657,58,635,908,7,229000
0.2800019408064195,58,634,909,7,228700
0.28027569873240316,58,633,910,7,228400
0.28106799699875423,58,632,911,7,228100
0.2810825815468601,58,631,912,7,227800
0.28110036352621737,58,630,913,7,227500
0.281225747849644,58,629,914,7,227200
0.28300065345673586,58,628,915,7,226900
0.2833912824577473,58,627,916,7,226600
0.2837564740643679,58,626,917,7,226300
0.2839189316672478,58,625,918,7,226000
0.28396672976551046,58,624,919,7,225700
0.28425676326379806,58,623,920,7,225400
0.28489731601124507,58,622,921,7,225100
0.28504608383632035,58,621,922,7,224800
0.28511550891176224,58,620,923,7,224500
0.28573767763656416,58,619,924,7,224200
0.2860121169474352,58,618,925,7,223900
0.2861405668152669,58,617,926,7,223600
0.28636705300996657,58,616,927,7,223300
0.2866240943263846,58,615,928,7,223000
0.2868757886346002,58,614,929,7,222700
0.28751528231683154,58,613,930,7,222400
0.2876915289460959,58,612,931,7,222100
0.28845134777620884,58,611,932,7,221800
0.28874075899707546,58,610,933,7,221500
0.2887440143287872,58,609,934,7,221200
0.28889693174703146,58,608,935,7,220900
0.2896246391897075,58,607,936,7,220600
0.2897793734758216,58,606,937,7,220300
0.29101719003351945,58,605,938,7,220000
0.2910566665789344,58,604,939,7,219700
0.2910830431162484,58,603,940,7,219400
0.2915695297790531,58,602,941,7,219100
0.292065722224722,58,601,942,7,218800
0.29219054415251783,58,600,943,7,218500
0.29235622346643153,58,599,944,7,218200
0.29275139411913836,58,598,945,7,217900
0.2931487984084643,58,597,946,7,217600
0.2941282341309312,58,596,947,7,217300
0.29422165908309583,58,595,948,7,217000
0.29457531646223145,58,594,949,7,216700
0.295038573314075,58,593,950,7,216400
0.295252095353963,58,592,951,7,216100
0.29573652321184835,58,591,952,7,215800
0.2958210034148218,58,590,953,7,215500
0.29676313616957023,58,589,954,7,215200
0.2970553445092693,58,588,955,7,214900
0.29750731704700917,58,587,956,7,214600
0.29769675373651094,58,586,957,7,214300
0.29820055288445574,58,585,958,7,214000
0.29871492696748736,58,584,959,7,213700
0.29906391995332177,58,583,960,7,213400
0.3007934480991309,58,582,961,7,213100
0.3013741387549229,58,581,962,7,212800
0.3014676635094401,58,580,963,7,212500
0.30182258442550935,58,579,964,7,212200
0.30220967774730517,58,578,965,7,211900
0.3023755718713425,58,577,966,7,211600
0.30251403260152127,57,577,966,8,217100
0.30261906049404436,57,576,967,8,216800
0.3034340622385504,57,575,968,8,216500
0.3035671064170877,57,574,969,8,216200
0.3039439718980473,57,573,970,8,215900
0.3040915166496986,57,572,971,8,215600
0.3042451880522007,57,571,972,8,215300
0.30541353748911915,57,570,973,8,215000
0.3056536216437141,57,569,974,8,214700
0.30568655648754367,57,568,975,8,214400
0.30576908054166874,57,567,976,8,214100
0.30618129149802964,57,566,977,8,213800
0.3065613876945268,57,565,978,8,213500
0.3068244739748624,57,564,979,8,213200
0.30770419818203965,57,563,980,8,212900
0.30779515782304573,57,562,981,8,212600
0.30808409707830675,57,561,982,8,212300
0.30812695226489806,57,560,983,8,212000
0.30821222514161933,57,559,984,8,211700
0.30870690225642966,57,558,985,8,211400
0.30886594715046944,57,557,986,8,211100
0.30926492891698015,57,556,987,8,210800
0.309406740432423,57,555,988,8,210500
0.30940728620163505,57,554,989,8,210200
0.3099697932180759,57,553,990,8,209900
0.31082273974260494,57,552,991,8,209600
0.3108391502080369,57,551,992,8,209300
0.31161569211566087,57,550,993,8,209000
0.31184249136539705,57,549,994,8,208700
0.3119356704644814,57,548,995,8,208400
0.312100095026618,57,547,996,8,208100
0.31245340369630503,57,546,997,8,207800
0.3129058057662168,57,545,998,8,207500
0.3129252763444029,57,544,999,8,207200
0.31324747733573266,57,543,1000,8,206900
0.3133783131030123,57,542,1001,8,206600
0.3137599682395569,57,541,1002,8,206300
0.3137646711505816,57,540,1003,8,206000
0.3138064279435307,57,539,1004,8,205700
0.3141647713290887,57,538,1005,8,205400
0.31454332796133794,57,537,1006,8,205100
0.3145466746728272,57,536,1007,8,204800
0.31469466771130183,57,535,1008,8,204500
0.31590419781861984,57,534,1009,8,204200
0.31644257235461754,57,533,1010,8,203900
0.3167285856276265,57,532,1011,8,203600
0.31741123783037994,57,531,1012,8,203300
0.31748261204344524,57,530,1013,8,203000
0.3176247004937443,57,529,1014,8,202700
0.3177880339105042,57,528,1015,8,202400
0.3179742542563152,57,527,1016,8,202100
0.3183507417460887,57,526,1017,8,201800
0.3185435594559988,57,525,1018,8,201500
0.3194043730947199,57,524,1019,8,201200
0.31997526164184376,57,523,1020,8,200900
0.3202054903638768,57,522,1021,8,200600
0.3202739628826237,57,521,1022,8,200300
0.3202843053042275,57,520,1023,8,200000
0.32062674373413846,57,519,1024,8,199700
0.32064548491141337,57,518,1025,8,199400
0.32119604878894803,57,517,1026,8,199100
0.3214787363206743,57,516,1027,8,198800
0.32156795403806765,57,515,1028,8,198500
0.322021866800199,57,514,1029,8,198200
0.32235287867607615,57,513,1030,8,197900
0.3229489617170422,57,512,1031,8,197600
0.32295444187994776,57,511,1032,8,197300
0.3231973139824711,57,510,1033,8,197000
0.32325109903730104,57,509,1034,8,196700
0.3234599214476399,57,508,1035,8,196400
0.32376213645105206,57,507,1036,8,196100
0.32474653834239847,57,506,1037,8,195800
0.32497183507725164,57,505,1038,8,195500
0.32514704957993473,57,504,1039,8,195200
0.3256469231371545,57,503,1040,8,194900
0.326058315072268,57,502,1041,8,194600
0.3263053328701686,57,501,1042,8,194300
0.32656149174815474,57,500,1043,8,194000
0.32660929560251994,57,499,1044,8,193700
0.3269456221332948,57,498,1045,8,193400
0.3273697521036219,57,497,1046,8,193100
0.32838472512160816,57,496,1047,8,192800
0.32900117535711326,57,495,1048,8,192500
0.32989720537005757,57,494,1049,8,192200
0.3308762542510574,57,493,1050,8,191900
0.331129850064643,57,492,1051,8,191600
0.33151844654273177,57,491,1052,8,191300
0.3318352502530938,57,490,1053,8,191000
0.33193904677456026,57,489,1054,8,190700
0.3321047322287457,57,488,1055,8,190400
0.3321066410973359,57,487,1056,8,190100
0.33269575186419853,57,486,1057,8,189800
0.3331543112498019,57,485,1058,8,189500
0.33389562768899816,57,484,1059,8,189200
0.33407841560487905,57,483,1060,8,188900
0.3341136429449537,57,482,1061,8,188600
0.3342102791192816,56,482,1061,9,194100
0.33476262264096324,56,481,1062,9,193800
0.3349220160343123,56,480,1063,9,193500
0.3349513932553054,56,479,1064,9,193200
0.33526372180399483,56,478,1065,9,192900
0.3353480237331334,56,477,1066,9,192600
0.3357922401983018,56,476,1067,9,192300
0.33613431487306505,56,475,1068,9,192000
0.33658891190355805,56,474,1069,9,191700
0.33665977922651474,56,473,1070,9,191400
0.33744849485440337,56,472,1071,9,191100
0.33754627683044275,56,471,1072,9,190800
0.33786661058149037,56,470,1073,9,190500
0.3379096539327874,56,469,1074,9,190200
0.33814473013426743,56,468,1075,9,189900
0.3384896464669239,56,467,1076,9,189600
0.33857358614463107,56,466,1077,9,189300
0.3389804470040674,56,465,1078,9,189000
0.3390308681670837,56,464,1079,9,188700
0.3390450051955329,56,463,1080,9,188400
0.3391494486276227,56,462,1081,9,188100
0.34037043287861923,56,461,1082,9,187800
0.3405216391958863,56,460,1083,9,187500
0.34118411056834413,56,459,1084,9,187200
0.34126769396327056,56,458,1085,9,186900
0.3414361902012686,56,457,1086,9,186600
0.3414952383303866,56,456,1087,9,186300
0.34164732628610345,56,455,1088,9,186000
0.3417872664027736,56,454,1089,9,185700
0.3418402386444955,56,453,1090,9,185400
0.34222448442859615,56,452,1091,9,185100
0.3422884671336662,56,451,1092,9,184800
0.3425757405333434,56,450,1093,9,184500
0.34385920786745616,55,450,1093,10,190000
0.3439053710387963,54,450,1093,11,195500
0.34418557717585696,54,449,1094,11,195200
0.34462882687901697,54,448,1095,11,194900
0.34552498666478965,54,447,1096,11,194600
0.3457477453284617,54,446,1097,11,194300
0.3460235800847316,54,445,1098,11,194000
0.3461288958399165,54,444,1099,11,193700
0.346155978048928,54,443,1100,11,193400
0.34623506670146814,54,442,1101,11,193100
0.34627574432829206,54,441,1102,11,192800
0.34647524121623485,54,440,1103,11,192500
0.3473044226323493,54,439,1104,11,192200
0.34796433276694755,54,438,1105,11,191900
0.3482810720656068,54,437,1106,11,191600
0.34884607099939485,54,436,1107,11,191300
0.3505257488702658,54,435,1108,11,191000
0.3506619198879707,54,434,1109,11,190700
0.3508784476521517,54,433,1110,11,190400
0.35093173540723704,54,432,1111,11,190100
0.3511796681129854,54,431,1112,11,189800
0.3517186747647393,54,430,1113,11,189500
0.3518880587291269,54,429,1114,11,189200
0.35206782324904756,54,428,1115,11,188900
0.35407652839752685,54,427,1116,11,188600
0.3541374107680167,54,426,1117,11,188300
0.3545822962177798,54,425,1118,11,188000
0.3567540437910448,54,424,1119,11,187700
0.3569998051254155,54,423,1120,11,187400
0.35713619905455224,54,422,1121,11,187100
0.3573062713753157,54,421,1122,11,186800
0.35732101917867026,54,420,1123,11,186500
0.3573803297864497,54,419,1124,11,186200
0.35851026741390896,54,418,1125,11,185900
0.3595116318829818,54,417,1126,11,185600
0.36010830694998147,54,416,1127,11,185300
0.3603990406339364,54,415,1128,11,185000
0.3616824532314834,54,414,1129,11,184700
0.36192305018646465,54,413,1130,11,184400
0.3623074936558488,54,412,1131,11,184100
0.3625902535614261,54,411,1132,11,183800
0.36276479788034377,54,410,1133,11,183500
0.3629777645127349,54,409,1134,11,183200
0.3636815984652466,54,408,1135,11,182900
0.3637366753787052,54,407,1136,11,182600
0.36395919488948847,54,406,1137,11,182300
0.3648764173103479,54,405,1138,11,182000
0.36488306037736745,54,404,1139,11,181700
0.3650974180503873,54,403,1140,11,181400
0.36608257519778736,54,402,1141,11,181100
0.3662385777090192,54,401,1142,11,180800
0.3663977449067908,54,400,1143,11,180500
0.36676518544013464,54,399,1144,11,180200
0.3675157225455922,54,398,1145,11,179900
0.3675437288572127,54,397,1146,11,179600
0.36782753196005047,54,396,1147,11,179300
0.3681048478411214,54,395,1148,11,179000
0.3683704866447093,54,394,1149,11,178700
0.3687370224724361,54,393,1150,11,178400
0.3690843402013366,54,392,1151,11,178100
0.3699625802088714,54,391,1152,11,177800
0.37031550526687307,54,390,1153,11,177500
0.3714146394224745,54,389,1154,11,177200
0.3720756224915774,54,388,1155,11,176900
0.3727268310435294,54,387,1156,11,176600
0.37363709685405727,54,386,1157,11,176300
0.3745606992978531,54,385,1158,11,176000
0.3746608979025477,54,384,1159,11,175700
0.3748695136121869,54,383,1160,11,175400
0.3756350765733148,54,382,1161,11,175100
0.3757523995996361,53,382,1161,12,180600
0.37731152918291344,53,381,1162,12,180300
0.3775213716381475,53,380,1163,12,180000
0.3776505002878824,53,379,1164,12,179700
0.3778142437373702,53,378,1165,12,179400
0.37931833457612574,53,377,1166,12,179100
0.3794629775633119,53,376,1167,12,178800
0.3796532704911779,53,375,1168,12,178500
0.37994872028537596,53,374,1169,12,178200
0.38121365620815584,53,373,1170,12,177900
0.3830759491463091,53,372,1171,12,177600
0.3835348561467799,53,371,1172,12,177300
0.3836421682224441,53,370,1173,12,177000
0.38456340123824784,53,369,1174,12,176700
0.38477904951778086,53,368,1175,12,176400
0.3850783317190209,53,367,1176,12,176100
0.38516941403040783,53,366,1177,12,175800
0.3854518735616432,53,365,1178,12,175500
0.3854877306370127,53,364,1179,12,175200
0.38575426242207805,53,363,1180,12,174900
0.38589647640993324,53,362,1181,12,174600
0.3865532476432558,53,361,1182,12,174300
0.3871897920074127,53,360,1183,12,174000
0.3872362384236076,53,359,1184,12,173700
0.38726998668761875,53,358,1185,12,173400
0.38887292826842657,53,357,1186,12,173100
0.38958429371487185,53,356,1187,12,172800
0.3908313298576279,53,355,1188,12,172500
0.3922051178313355,53,354,1189,12,172200
0.3929763054000965,53,353,1190,12,171900
0.395326860117337,53,352,1191,12,171600
0.39671420484889053,53,351,1192,12,171300
0.3976450872798543,53,350,1193,12,171000
0.3976942141719108,53,349,1194,12,170700
0.39816791603645196,53,348,1195,12,170400
0.39857417773371057,53,347,1196,12,170100
0.3985787389405465,52,347,1196,13,175600
0.3988110406859321,52,346,1197,13,175300
0.3989582364557307,52,345,1198,13,175000
0.39935491612512236,52,344,1199,13,174700
0.3997170383525619,52,343,1200,13,174400
0.399822864424502,52,342,1201,13,174100
0.4005886536140686,52,341,1202,13,173800
0.40196626902684096,52,340,1203,13,173500
0.40252845639589246,52,339,1204,13,173200
0.40380233888048783,52,338,1205,13,172900
0.40384722110004956,52,337,1206,13,172600
0.40432412316855915,52,336,1207,13,172300
0.4043369812089883,52,335,1208,13,172000
0.40436962870344123,52,334,1209,13,171700
0.4046266128178112,52,333,1210,13,171400
0.40493078511973024,52,332,1211,13,171100
0.40547406942856845,52,331,1212,13,170800
0.40575399700349096,52,330,1213,13,170500
0.4063037706700197,52,329,1214,13,170200
0.406518302617946,52,328,1215,13,169900
0.40769580515426607,52,327,1216,13,169600
0.40790245054254337,52,326,1217,13,169300
0.4085808091526108,52,325,1218,13,169000
0.4087191033700074,52,324,1219,13,168700
0.4090650490307231,52,323,1220,13,168400
0.40958941014074074,52,322,1221,13,168100
0.41025191238365766,52,321,1222,13,167800
0.410955903733,52,320,1223,13,167500
0.4114699745972316,52,319,1224,13,167200
0.4129384458705708,52,318,1225,13,166900
0.4135224787389284,52,317,1226,13,166600
0.41471117500092564,52,316,1227,13,166300
0.4151483468067847,52,315,1228,13,166000
0.41715145974646,52,314,1229,13,165700
0.41733585552955066,52,313,1230,13,165400
0.4174769678154718,52,312,1231,13,165100
0.417521876492347,52,311,1232,13,164800
0.417592446300907,52,310,1233,13,164500
0.41832262315424473,52,309,1234,13,164200
0.4183264410561473,52,308,1235,13,163900
0.4193605724504042,52,307,1236,13,163600
0.4230270867737836,52,306,1237,13,163300
0.4265050277215582,52,305,1238,13,163000
0.42842465582344663,52,304,1239,13,162700
0.431027086638612,52,303,1240,13,162400
0.4320255617498506,52,302,1241,13,162100
0.43259136941425047,52,301,1242,13,161800
0.4332925347013406,52,300,1243,13,161500
0.43350851238309457,52,299,1244,13,161200
0.43586286292564475,51,299,1244,14,166700
0.43685324706862794,51,298,1245,14,166400
0.4370819144504821,51,297,1246,14,166100
0.4388254746991886,51,296,1247,14,165800
0.43883954032186123,51,295,1248,14,165500
0.44030652507928847,50,295,1248,15,171000
0.4403458711942348,50,294,1249,15,170700
0.4406898929102392,50,293,1250,15,170400
0.44614204674724106,50,292,1251,15,170100
0.4464462342511954,50,291,1252,15,169800
0.4484273843006687,50,290,1253,15,169500
0.44881093003185135,50,289,1254,15,169200
0.4495809148940028,50,288,1255,15,168900
0.44976515113736953,50,287,1256,15,168600
0.45025474350765143,50,286,1257,15,168300
0.45441927634438234,50,285,1258,15,168000
0.4560001660965925,50,284,1259,15,167700
0.4585667865629258,50,283,1260,15,167400
0.4588987629689011,50,282,1261,15,167100
0.45926097979072344,50,281,1262,15,166800
0.4593348775670369,50,280,1263,15,166500
0.4608956883836022,50,279,1264,15,166200
0.4671185264318791,49,279,1264,16,171700
0.46720174215656085,49,278,1265,16,171400
0.46917108423127823,49,277,1266,16,171100
0.4692421836005463,49,276,1267,16,170800
0.47108070795346363,49,275,1268,16,170500
0.471694332939735,49,274,1269,16,170200
0.4729303966381354,49,273,1270,16,169900
0.4746513721669406,48,273,1270,17,175400
0.47537449642894897,48,272,1271,17,175100
0.48270107483623903,48,271,1272,17,174800
0.4832931924513407,48,270,1273,17,174500
0.48385736591373546,48,269,1274,17,174200
0.4841158702035259,48,268,1275,17,173900
0.48621806830147296,48,267,1276,17,173600
0.48706180733694154,48,266,1277,17,173300
0.4879816072350319,48,265,1278,17,173000
0.4892233728218878,48,264,1279,17,172700
0.4914371265536106,48,263,1280,17,172400
0.4917497409048562,48,262,1281,17,172100
0.49489286700952534,48,261,1282,17,171800
0.4954147980804961,48,260,1283,17,171500
0.49745368262210515,48,259,1284,17,171200
0.49814346122130054,48,258,1285,17,170900
0.4999047525224221,47,258,1285,18,176400
0.5023384336308827,47,257,1286,18,176100
0.5036534781240035,47,256,1287,18,175800
0.5050330296360939,47,255,1288,18,175500
0.505118746254533,47,254,1289,18,175200
0.5097102295452384,47,253,1290,18,174900
0.5114589613242415,47,252,1291,18,174600
0.5124725472564547,47,251,1292,18,174300
0.5146842772653303,47,250,1293,18,174000
0.5176132126802506,47,249,1294,18,173700
0.5202540312144202,47,248,1295,18,173400
0.5205048261408801,47,247,1296,18,173100
0.5238295192541385,47,246,1297,18,172800
0.5245628611487607,47,245,1298,18,172500
0.5250425044937023,47,244,1299,18,172200
0.5266821649056568,47,243,1300,18,171900
0.5275796751504842,47,242,1301,18,171600
0.5276198006755904,47,241,1302,18,171300
0.5280888456874312,47,240,1303,18,171000
0.5284061167435994,47,239,1304,18,170700
0.5296140755563473,47,238,1305,18,170400
0.5308469510731781,47,237,1306,18,170100
0.5313212008776432,47,236,1307,18,169800
0.5329358502514971,47,235,1308,18,169500
0.5330414877257773,47,234,1309,18,169200
0.5353136369571471,47,233,1310,18,168900
0.5355469937653842,47,232,1311,18,168600
0.5369552042665492,47,231,1312,18,168300
0.5409055266638038,47,230,1313,18,168000
0.5426908930007668,47,229,1314,18,167700
0.5435186456353615,47,228,1315,18,167400
0.5456831749343429,47,227,1316,18,167100
0.5459385795846279,47,226,1317,18,166800
0.5499905647165042,47,225,1318,18,166500
0.5509693344045623,47,224,1319,18,166200
0.5572111354047079,47,223,1320,18,165900
0.5574973644012824,47,222,1321,18,165600
0.5582244812992123,47,221,1322,18,165300
0.5594660876844647,47,220,1323,18,165000
0.5596275289551343,47,219,1324,18,164700
0.5597782787669447,47,218,1325,18,164400
0.5609725950991215,47,217,1326,18,164100
0.5618406224183017,47,216,1327,18,163800
0.5626636584823947,47,215,1328,18,163500
0.563704480399872,47,214,1329,18,163200
0.5644172576652176,46,214,1329,19,168700
0.5647577750522601,46,213,1330,19,168400
0.5654917823720083,46,212,1331,19,168100
0.566001686616915,46,211,1332,19,167800
0.5666407699128625,45,211,1332,20,173300
0.5698304012069755,45,210,1333,20,173000
0.5703074083024012,45,209,1334,20,172700
0.5706403129547586,45,208,1335,20,172400
0.5716462855224685,45,207,1336,20,172100
0.5721961516090286,45,206,1337,20,171800
0.5741423926943028,45,205,1338,20,171500
0.5766122810158028,45,204,1339,20,171200
0.5771488099939658,44,204,1339,21,176700
0.5853298246534689,44,203,1340,21,176400
0.5899607356747413,44,202,1341,21,176100
0.5903470366094961,44,201,1342,21,175800
0.5936419820869174,44,200,1343,21,175500
0.5945718102786797,43,200,1343,22,181000
0.6010343615672916,43,199,1344,22,180700
0.6015483609319401,43,198,1345,22,180400
0.6025997270711742,43,197,1346,22,180100
0.6049011091172772,43,196,1347,22,179800
0.6055727516534779,43,195,1348,22,179500
0.6075350753362397,43,194,1349,22,179200
0.6095569657765274,43,193,1350,22,178900
0.6113217509032202,43,192,1351,22,178600
0.6152308982021237,43,191,1352,22,178300
0.6195003076905334,43,190,1353,22,178000
0.6205773004487785,43,189,1354,22,177700
0.6218743901285946,43,188,1355,22,177400
0.6223719144803713,43,187,1356,22,177100
0.6224842674194068,43,186,1357,22,176800
0.6307348214450703,42,186,1357,23,182300
0.6315409044369324,42,185,1358,23,182000
0.6317454519467378,42,184,1359,23,181700
0.637030145129137,42,183,1360,23,181400
0.6382327991275499,42,182,1361,23,181100
0.6386553884409006,42,181,1362,23,180800
0.6411646828153983,42,180,1363,23,180500
0.6412866168451875,42,179,1364,23,180200
0.6453338051023639,42,178,1365,23,179900
0.6477928544271554,42,177,1366,23,179600
0.6483998662378073,42,176,1367,23,179300
0.6497725732297165,42,175,1368,23,179000
0.651569478223805,42,174,1369,23,178700
0.6516022589269299,42,173,1370,23,178400
0.6526658963680886,42,172,1371,23,178100
0.6540753556380605,41,172,1371,24,183600
0.6600981438986839,41,171,1372,24,183300
0.6610950581980218,41,170,1373,24,183000
0.6613283471406352,41,169,1374,24,182700
0.6626530013782036,41,168,1375,24,182400
0.6671373740762389,41,167,1376,24,182100
0.6681250113059378,41,166,1377,24,181800
0.6705896809384071,41,165,1378,24,181500
0.6710513208738801,41,164,1379,24,181200
0.6722529471127083,40,164,1379,25,186700
0.6735682742121323,40,163,1380,25,186400
0.6740191789135015,40,162,1381,25,186100
0.67537008061612,40,161,1382,25,185800
0.6755049534199538,40,160,1383,25,185500
0.6797342232465217,40,159,1384,25,185200
0.6801986273572237,40,158,1385,25,184900
0.6815298973111406,40,157,1386,25,184600
0.6823320073168163,40,156,1387,25,184300
0.6842832821239769,40,155,1388,25,184000
0.6843502789522058,40,154,1389,25,183700
0.6853044396591406,40,153,1390,25,183400
0.6860177634712918,40,152,1391,25,183100
0.6865770876872868,40,151,1392,25,182800
0.6873057580988906,40,150,1393,25,182500
0.6904894832995223,40,149,1394,25,182200
0.6927123385249295,40,148,1395,25,181900
0.6949157661150178,40,147,1396,25,181600
0.6953290974273512,40,146,1397,25,181300
0.7073165662500241,40,145,1398,25,181000
0.7109628597996314,40,144,1399,25,180700
0.7112048993223002,39,144,1399,26,186200
0.711932562179561,39,143,1400,26,185900
0.7120779877101141,39,142,1401,26,185600
0.7146119670748096,39,141,1402,26,185300
0.7217763639938163,39,140,1403,26,185000
0.734860157731018,39,139,1404,26,184700
0.735145437204123,39,138,1405,26,184400
0.7359359911038984,39,137,1406,26,184100
0.7373054604812921,39,136,1407,26,183800
0.7394080927098579,38,136,1407,27,189300
0.7432881479442471,37,136,1407,28,194800
0.7474737675105609,37,135,1408,28,194500
0.7517510675636351,37,134,1409,28,194200
0.7539096821572883,37,133,1410,28,193900
0.7574859637042263,37,132,1411,28,193600
0.7617184023679012,37,131,1412,28,193300
0.7678120391037908,36,131,1412,29,198800
0.7683987959158911,36,130,1413,29,198500
0.772593526267135,36,129,1414,29,198200
0.7777741900677928,36,128,1415,29,197900
0.7797847737047477,35,128,1415,30,203400
0.7832193512241309,35,127,1416,30,203100
0.7843036734420585,35,126,1417,30,202800
0.7849322094895573,35,125,1418,30,202500
0.785181451845199,35,124,1419,30,202200
0.7878812913380004,35,123,1420,30,201900
0.7887314904843639,35,122,1421,30,201600
0.790366896253334,35,121,1422,30,201300
0.7911540865337623,34,121,1422,31,206800
0.7936752705668062,34,120,1423,31,206500
0.7946974648290255,34,119,1424,31,206200
0.7971574367047259,34,118,1425,31,205900
0.7979048420231281,34,117,1426,31,205600
0.7983173452855076,34,116,1427,31,205300
0.7989075496566945,34,115,1428,31,205000
0.8047558939280237,34,114,1429,31,204700
0.8069335793301448,34,113,1430,31,204400
0.807197361800995,34,112,1431,31,204100
0.8094699478808063,34,111,1432,31,203800
0.8130358772512853,34,110,1433,31,203500
0.8133975232544349,34,109,1434,31,203200
0.8142139900524062,34,108,1435,31,202900
0.8169182695965275,34,107,1436,31,202600
0.8184761757356668,34,106,1437,31,202300
0.8233123392408788,34,105,1438,31,202000
0.8234581861189759,33,105,1438,32,207500
0.8263847257440592,33,104,1439,32,207200
0.828357364202195,33,103,1440,32,206900
0.8306706066090168,33,102,1441,32,206600
0.8312303310098956,33,101,1442,32,206300
0.8328195291380591,33,100,1443,32,206000
0.8328258076365838,33,99,1444,32,205700
0.8373561435984402,33,98,1445,32,205400
0.8376143021189031,32,98,1445,33,210900
0.8381199376687364,31,98,1445,34,216400
0.8390743941300755,31,97,1446,34,216100
0.8404449545077676,30,97,1446,35,221600
0.8468664869936418,30,96,1447,35,221300
0.8480587324455932,30,95,1448,35,221000
0.8490913616847835,30,94,1449,35,220700
0.8493843986307278,30,93,1450,35,220400
0.8513663611949495,29,93,1450,36,225900
0.8539685792848037,29,92,1451,36,225600
0.8544684456006089,29,91,1452,36,225300
0.8585781223426844,29,90,1453,36,225000
0.8589423862305271,29,89,1454,36,224700
0.8597013482520985,28,89,1454,37,230200
0.8603080071444424,28,88,1455,37,229900
0.8641341299573102,28,87,1456,37,229600
0.8645912657976392,28,86,1457,37,229300
0.8646042783750989,28,85,1458,37,229000
0.8657573512859488,28,84,1459,37,228700
0.8660927678567022,28,83,1460,37,228400
0.8665023154916449,28,82,1461,37,228100
0.8684404141582104,28,81,1462,37,227800
0.8684576260993379,28,80,1463,37,227500
0.8685439227399492,28,79,1464,37,227200
0.8690055482722865,28,78,1465,37,226900
0.869677401562367,28,77,1466,37,226600
0.8729020362889478,28,76,1467,37,226300
0.8729885344146985,28,75,1468,37,226000
0.8735937078473713,28,74,1469,37,225700
0.8751972294972407,28,73,1470,37,225400
0.8805983523108022,28,72,1471,37,225100
0.8853723506240581,28,71,1472,37,224800
0.8889083264007573,28,70,1473,37,224500
0.8899528412359832,28,69,1474,37,224200
0.894861588915845,28,68,1475,37,223900
0.8950087180571487,28,67,1476,37,223600
0.8950186316851187,28,66,1477,37,223300
0.8965166794533217,28,65,1478,37,223000
0.8984300864460728,28,64,1479,37,222700
0.9001111926991366,28,63,1480,37,222400
0.9013521821856484,27,63,1480,38,227900
0.9021678252312951,27,62,1481,38,227600
0.9021866758012815,27,61,1482,38,227300
0.9032024922479457,27,60,1483,38,227000
0.9043552383345279,27,59,1484,38,226700
0.9058640243081109,27,58,1485,38,226400
0.9068188886178975,27,57,1486,38,226100
0.9074840376792398,26,57,1486,39,231600
0.9088224939026691,26,56,1487,39,231300
0.9108686507338569,26,55,1488,39,231000
0.9122456379447832,26,54,1489,39,230700
0.9130885412473199,26,53,1490,39,230400
0.9147593304272931,26,52,1491,39,230100
0.9150599553328342,26,51,1492,39,229800
0.9156289258990621,26,50,1493,39,229500
0.9175548145164929,26,49,1494,39,229200
0.9184787196140107,26,48,1495,39,228900
0.9184949786527531,26,47,1496,39,228600
0.9196514473069938,26,46,1497,39,228300
0.9201326589111484,26,45,1498,39,228000
0.9209568687717083,25,45,1498,40,233500
0.9226069335881185,25,44,1499,40,233200
0.9233030976446011,25,43,1500,40,232900
0.9243486587228803,25,42,1501,40,232600
0.9245653117475559,25,41,1502,40,232300
0.9277714933978165,25,40,1503,40,232000
0.9291260116280078,25,39,1504,40,231700
0.9298772716644651,25,38,1505,40,231400
0.9300135796970382,25,37,1506,40,231100
0.9337513598143525,25,36,1507,40,230800
0.9348541699591526,25,35,1508,40,230500
0.9355084906272488,25,34,1509,40,230200
0.9361113079931439,25,33,1510,40,229900
0.9367499375464453,25,32,1511,40,229600
0.9377725236387312,24,32,1511,41,235100
0.9381612184545237,24,31,1512,41,234800
0.9390330272374661,23,31,1512,42,240300
0.939069588112265,23,30,1513,42,240000
0.9407732683631828,23,29,1514,42,239700
0.9417823506540177,22,29,1514,43,245200
0.9419462284966682,22,28,1515,43,244900
0.942469543094922,22,27,1516,43,244600
0.9443877728938564,22,26,1517,43,244300
0.9468291517035973,21,26,1517,44,249800
0.9471080173072586,20,26,1517,45,255300
0.9472185183431282,19,26,1517,46,260800
0.9476907473818106,19,25,1518,46,260500
0.9485503474248846,19,24,1519,46,260200
0.9486025086200549,19,23,1520,46,259900
0.9500096146607699,19,22,1521,46,259600
0.9502659845734094,19,21,1522,46,259300
0.9504429070754687,19,20,1523,46,259000
0.9504688183044294,18,20,1523,47,264500
0.9521371547909154,18,19,1524,47,264200
0.9529234640914208,18,18,1525,47,263900
0.9553249820739933,18,17,1526,47,263600
0.9568480313488726,17,17,1526,48,269100
0.9568862071857881,17,16,1527,48,268800
0.960108372416302,17,15,1528,48,268500
0.961051444792813,16,15,1528,49,274000
0.961970003141637,16,14,1529,49,273700
0.9637504767166574,16,13,1530,49,273400
0.9646081361570337,15,13,1530,50,278900
0.9677985995479471,15,12,1531,50,278600
0.9719301057516417,15,11,1532,50,278300
0.9719946825119329,15,10,1533,50,278000
0.9770010732090801,14,10,1533,51,283500
0.9790069774356535,14,9,1534,51,283200
0.9800951207707153,13,9,1534,52,288700
0.9816143847335446,12,9,1534,53,294200
0.9816690214060357,11,9,1534,54,299700
0.9834379510697451,10,9,1534,55,305200
0.9835187317673162,9,9,1534,56,310700
0.9855259891803225,8,9,1534,57,316200
0.9863572728589455,7,9,1534,58,321700
0.9889569290923264,6,9,1534,59,327200
0.9899033451650876,5,9,1534,60,332700
0.9909756530693405,4,9,1534,61,338200
0.994104861737465,4,8,1535,61,337900
0.9946698214985393,4,7,1536,61,337600
0.9954120498366636,4,6,1537,61,337300
0.9959456065487621,4,5,1538,61,337000
0.9972560024937274,3,5,1538,62,342500
0.9986796428997201,2,5,1538,63,348000
0.999184791254267,1,5,1538,64,353500
0.9999999945526137,0,5,1538,65,359000
0.9999999999762581,0,4,1539,65,358700
1.0,0,3,1540,65,358400
